INSERT INTO Impfstoff (Bezeichnung, Hersteller)
  VALUES
    ("Comirnaty", "BioNTech Manufacturing GmbH"),
    ("Spikevax", "Modern Biotech Spain, S.L"),
    ("Vaxzevria", "AstraZeneca AB");

INSERT INTO Impfzentrum (Stadt, Ort, Impfkapazität)
  VALUES
    ("Bremerhaven", "Hochschule Bremerhaven", 4),
    ("Bremerhaven", "Stadthalle Bremerhaven", 15),
    ("Bremen", "Hochschule Bremen", 8),
    ("Bremen", "Bürgerhaus Obervieland", 10),
    ("Bremen", "Bürgerhaus Weserterrassen", 10),
    ("Bremen", "Berufsbildende Schule E.u.L.", 6);

INSERT INTO Impfangebot (Bezeichnung, ImpfzentrumsID)
  VALUES
    ("Comirnaty", 1),
    ("Spikevax", 1),
    ("Comirnaty", 2),
    ("Spikevax", 2),
    ("Vaxzevria", 2),
    ("Comirnaty", 3),
    ("Vaxzevria", 3),
    ("Comirnaty", 4),
    ("Spikevax", 4),
    ("Vaxzevria", 4),
    ("Comirnaty", 5),
    ("Spikevax", 5),
    ("Vaxzevria", 5),
    ("Spikevax", 6),
    ("Vaxzevria", 6);
    
INSERT INTO Slot (SlotID, Uhrzeit, ImpfzentrumsID) 
 VALUES
	(1, "09:00:00", 1),
	(2, "09:15:00", 1),
	(3, "09:30:00", 1),
	(4, "09:45:00", 1),
	(5, "10:00:00", 1),
	(6, "10:15:00", 1),
	(7, "10:30:00", 1),
	(8, "10:45:00", 1),
	(9, "11:00:00", 1),
	(10, "11:15:00", 1),
	(11, "11:30:00", 1),
	(12, "11:45:00", 1),
	(13, "12:00:00", 1),
	(14, "12:15:00", 1),
	(15, "12:30:00", 1),
	(16, "12:45:00", 1),
	(17, "13:00:00", 1),
	(18, "13:15:00", 1),
	(19, "13:30:00", 1),
	(20, "13:45:00", 1),
	(21, "14:00:00", 1),
	(22, "14:15:00", 1),
	(23, "14:30:00", 1),
	(24, "14:45:00", 1),
	(25, "15:00:00", 1),
	(26, "15:15:00", 1),
	(27, "15:30:00", 1),
	(28, "15:45:00", 1),
	(29, "16:00:00", 1),
	(30, "16:15:00", 1),
	(31, "16:30:00", 1),
	(32, "16:45:00", 1),
	(33, "11:00:00", 2),
	(34, "11:15:00", 2),
	(35, "11:30:00", 2),
	(36, "11:45:00", 2),
	(37, "12:00:00", 2),
	(38, "12:15:00", 2),
	(39, "12:30:00", 2),
	(40, "12:45:00", 2),
	(41, "13:00:00", 2),
	(42, "13:15:00", 2),
	(43, "13:30:00", 2),
	(44, "13:45:00", 2),
	(45, "14:00:00", 2),
	(46, "14:15:00", 2),
	(47, "14:30:00", 2),
	(48, "14:45:00", 2),
	(49, "15:00:00", 2),
	(50, "15:15:00", 2),
	(51, "15:30:00", 2),
	(52, "15:45:00", 2),
	(53, "16:00:00", 2),
	(54, "16:15:00", 2),
	(55, "16:30:00", 2),
	(56, "16:45:00", 2),
	(57, "17:00:00", 2),
	(58, "17:15:00", 2),
	(59, "17:30:00", 2),
	(60, "17:45:00", 2),
	(61, "18:00:00", 2),
	(62, "18:15:00", 2),
	(63, "18:30:00", 2),
	(64, "18:45:00", 2),
	(65, "09:00:00", 3),
	(66, "09:15:00", 3),
	(67, "09:30:00", 3),
	(68, "09:45:00", 3),
	(69, "10:00:00", 3),
	(70, "10:15:00", 3),
	(71, "10:30:00", 3),
	(72, "10:45:00", 3),
	(73, "11:00:00", 3),
	(74, "11:15:00", 3),
	(75, "11:30:00", 3),
	(76, "11:45:00", 3),
	(77, "12:00:00", 3),
	(78, "12:15:00", 3),
	(79, "12:30:00", 3),
	(80, "12:45:00", 3),
	(81, "13:00:00", 3),
	(82, "13:15:00", 3),
	(83, "13:30:00", 3),
	(84, "13:45:00", 3),
	(85, "14:00:00", 3),
	(86, "14:15:00", 3),
	(87, "14:30:00", 3),
	(88, "14:45:00", 3),
	(89, "15:00:00", 3),
	(90, "15:15:00", 3),
	(91, "15:30:00", 3),
	(92, "15:45:00", 3),
	(93, "16:00:00", 3),
	(94, "16:15:00", 3),
	(95, "16:30:00", 3),
	(96, "16:45:00", 3),
	(97, "13:00:00", 4),
	(98, "13:15:00", 4),
	(99, "13:30:00", 4),
	(100, "13:45:00", 4),
	(101, "14:00:00", 4),
	(102, "14:15:00", 4),
	(103, "14:30:00", 4),
	(104, "14:45:00", 4),
	(105, "15:00:00", 4),
	(106, "15:15:00", 4),
	(107, "15:30:00", 4),
	(108, "15:45:00", 4),
	(109, "16:00:00", 4),
	(110, "16:15:00", 4),
	(111, "16:30:00", 4),
	(112, "16:45:00", 4),
	(113, "17:00:00", 4),
	(114, "17:15:00", 4),
	(115, "17:30:00", 4),
	(116, "17:45:00", 4),
	(117, "18:00:00", 4),
	(118, "18:15:00", 4),
	(119, "18:30:00", 4),
	(120, "18:45:00", 4),
	(121, "19:00:00", 4),
	(122, "19:15:00", 4),
	(123, "19:30:00", 4),
	(124, "19:45:00", 4),
	(125, "20:00:00", 4),
	(126, "20:15:00", 4),
	(127, "20:30:00", 4),
	(128, "20:45:00", 4),
	(129, "09:00:00", 5),
	(130, "09:15:00", 5),
	(131, "09:30:00", 5),
	(132, "09:45:00", 5),
	(133, "10:00:00", 5),
	(134, "10:15:00", 5),
	(135, "10:30:00", 5),
	(136, "10:45:00", 5),
	(137, "11:00:00", 5),
	(138, "11:15:00", 5),
	(139, "11:30:00", 5),
	(140, "11:45:00", 5),
	(141, "12:00:00", 5),
	(142, "12:15:00", 5),
	(143, "12:30:00", 5),
	(144, "12:45:00", 5),
	(145, "13:00:00", 5),
	(146, "13:15:00", 5),
	(147, "13:30:00", 5),
	(148, "13:45:00", 5),
	(149, "14:00:00", 5),
	(150, "14:15:00", 5),
	(151, "14:30:00", 5),
	(152, "14:45:00", 5),
	(153, "15:00:00", 5),
	(154, "15:15:00", 5),
	(155, "15:30:00", 5),
	(156, "15:45:00", 5),
	(157, "16:00:00", 5),
	(158, "16:15:00", 5),
	(159, "16:30:00", 5),
	(160, "16:45:00", 5),
	(161, "10:00:00", 6),
	(162, "10:15:00", 6),
	(163, "10:30:00", 6),
	(164, "10:45:00", 6),
	(165, "11:00:00", 6),
	(166, "11:15:00", 6),
	(167, "11:30:00", 6),
	(168, "11:45:00", 6),
	(169, "12:00:00", 6),
	(170, "12:15:00", 6),
	(171, "12:30:00", 6),
	(172, "12:45:00", 6),
	(173, "13:00:00", 6),
	(174, "13:15:00", 6),
	(175, "13:30:00", 6),
	(176, "13:45:00", 6),
	(177, "14:00:00", 6),
	(178, "14:15:00", 6),
	(179, "14:30:00", 6),
	(180, "14:45:00", 6),
	(181, "15:00:00", 6),
	(182, "15:15:00", 6),
	(183, "15:30:00", 6),
	(184, "15:45:00", 6),
	(185, "16:00:00", 6),
	(186, "16:15:00", 6),
	(187, "16:30:00", 6),
	(188, "16:45:00", 6),
	(189, "17:00:00", 6),
	(190, "17:15:00", 6),
	(191, "17:30:00", 6),
	(192, "17:45:00", 6);

  INSERT INTO Nutzer(Vorname, Nachname, Mail, Passwort)
  VALUES
    ('Maja', 'Biene', 'mbiene@abc.de', 'MTIz'),
    ('Peter', 'Pan', 'ppan@abc.de', 'YWJj'),
    ('Max', 'Moritz', 'mmoritz@abc.de', 'MTIz'),
    ('Ralf', 'Günther', 'rguenther@abc.de', 'YWJj');

INSERT INTO Buchung(Buchungsdatum, Vorname, Nachname, Impftermin, SlotID, UserID, Bezeichnung, ImpfzentrumsID)
  VALUES
    ('2023-03-04', 'Maja', 'Biene', '2023-03-09', 1, 1, 'Comirnaty', 1),
    ('2023-03-04', 'Martin', 'Macher', '2023-03-09', 1, 1, 'Comirnaty', 1),
    ('2023-03-04', 'Peter', 'Pan', '2023-03-09', 1, 2, 'Spikevax', 1),
    ('2023-03-04', 'Max', 'Moritz', '2023-03-09', 1, 3, 'Comirnaty', 1),
    ('2023-03-04', 'Vincent', 'Hase', '2023-03-09', 2, 2, 'Spikevax', 1),
    ('2023-03-04', 'Bond', 'Falke', '2023-04-09', 8, 1, 'Comirnaty', 1),
    ('2023-03-04', 'Antonella', 'Brümmer', '2023-03-20', 190, 2, 'Spikevax', 6),
    ('2023-03-04', 'Rand', 'Huck', '2023-04-09', 190, 3, 'Spikevax', 6),
    ('2023-03-04', 'Kim', 'Fuchs', '2023-03-11', 1, 3, 'Comirnaty', 1),
    ('2023-03-04', 'Mandy', 'Art', '2023-03-11', 1, 4, 'Spikevax', 1),
    ('2023-03-04', 'Ralf', 'Günther', '2023-03-24', 1, 4, 'Spikevax', 1);
